21159,阿坝,1,group1/M00/26/75/CmUBpVjq85qAELIzAAALTo5B2b8219.jpg
21683,阿尔高,1,group1/M00/26/94/CmUBpVjq-HiAQ_o5AAANPfYAOsU805.jpg
23296,阿克什胡斯,1,group1/M00/26/A1/CmUBpVjq-kWAanzzAAAH0SNj41k182.jpg
20861,阿拉善,2,group1/M00/26/75/CmUBpVjq85aAfwmMAAAHxZl8mDQ043.jpg
23927,阿什哈巴德市,1,group1/M00/26/B1/CmUBpVjq_jeAUZAfAAAYd15hBU0894.jpg
22539,阿斯塔纳市,1,group1/M00/26/AD/CmUBpVjq_LmAA4rAAAAH4rCj__k055.jpg
21385,埃里温市,1,group1/M00/26/AE/CmUBpVjq_MqAfOM7AAAY4gEtw88425.jpg
26283,埃特林根,1,group1/M00/26/8E/CmUBpVjq96mAGFqNAAAi4twCQ3E195.jpg
23946,埃瓦,1,group1/M00/26/B2/CmUBpVjq_oSAO-tSAAAi4twCQ3E867.jpg
22518,爱媛,1,group1/M00/26/7F/CmUBpVjq9ZOAbOBUAAAJ_JIcqHQ186.jpg
22502,爱知,1,group1/M00/26/7F/CmUBpVjq9Y6AZRshAAAU4318JmU727.jpg
27175,安博塞利,1,group1/M00/26/A6/CmUBpVjq-yKABHJ4AAAWQubSlRM674.jpg
22683,安东市,1,group1/M00/26/86/CmUBpVjq9m2AV1jCAAAYkoLA64Y896.jpg
23163,安顺,1,group1/M00/26/87/CmUBpVjq9o2AJ-JcAAAi4twCQ3E034.jpg
21711,安托法加斯塔大区,1,group1/M00/26/A9/CmUBpVjq-7eAblOkAAAHsIGglhA191.jpg
23221,奥卡万戈,1,group1/M00/26/AF/CmUBpVjq_TqADh4HAAAi4twCQ3E520.jpg
23300,奥普兰,1,group1/M00/26/A2/CmUBpVjq-kaAc8jGAAAMXiMsiYQ885.jpg
23298,奥斯陆市,1,group1/M00/26/A1/CmUBpVjq-iiAYQxCAAAH0SNj41k182.jpg
23194,八打灵,1,group1/M00/26/87/CmUBpVjq9oqATy8WAAAi4twCQ3E670.jpg
29172,巴淡岛中心,1,group1/M00/26/99/CmUBpVjq-Q-AAf5qAAAIeB2u-bc238.jpg
29169,巴东,1,group1/M00/26/99/CmUBpVjq-RWAKboVAAAKlQMRhY4819.jpg
26313,巴伐利亚戈麦恩,1,group1/M00/26/8D/CmUBpVjq93yAUHx7AAAQ1OWr4vA540.jpg
26626,巴哈撒丁岛,1,group1/M00/26/84/CmUBpVjq9iiAMynCAAAG_z3cDmo943.jpg
22303,巴厘,2,group1/M00/26/98/CmUBpVjq-QiARWd8AAAXXsCdJ8o750.jpg
26630,巴里萨尔多,1,group1/M00/26/84/CmUBpVjq9hmAT84cAAAIgRqEBVI609.jpg
21997,巴利阿里,1,group1/M00/26/90/CmUBpVjq9_SAEeX4AAAawFQTO8I875.jpg
23041,巴马科首都区,1,group1/M00/26/B2/CmUBpVjq_rmARIIgAAALqWRva2M074.jpg
26047,巴尼奥勒,1,group1/M00/26/83/CmUBpVjq9gWASugVAAAi4twCQ3E639.jpg
21688,巴塞尔城市,1,group1/M00/26/93/CmUBpVjq-F-AXmb-AAATg5TsJHQ377.jpg
21687,巴塞尔乡村,1,group1/M00/26/93/CmUBpVjq-F-AXmb-AAATg5TsJHQ377.jpg
23895,巴蜀,1,group1/M00/26/7D/CmUBpVjq9UiAVLkzAAANU_GnbmE314.jpg
27112,芭堤雅市中心,1,group1/M00/26/7C/CmUBpVjq9TWAEOy3AAAGq-3DJQ8007.jpg
22638,白马市,1,group1/M00/26/95/CmUBpVjq-IWAXAm1AAALs64eQWw223.jpg
20889,白山,3,group1/M00/26/78/CmUBpVjq9BeAcS9qAAAIiEguNCg844.jpg
22650,拜林市,1,group1/M00/26/95/CmUBpVjq-IeAA6FPAAAi4twCQ3E870.jpg
25327,班夫,2,group1/M00/26/9C/CmUBpVjq-Y2ARUhjAAAPYdrHHXM608.jpg
29118,邦咯,1,group1/M00/26/86/CmUBpVjq9n2ABTdnAAALsm_bzMk178.jpg
27055,北芭堤雅,1,group1/M00/26/7C/CmUBpVjq9TWAEOy3AAAGq-3DJQ8007.jpg
24402,北查尔斯顿,1,group1/M00/26/89/CmUBpVjq9s-AB4YPAAAMeAjzG6w167.jpg
21081,北海,1,group1/M00/26/73/CmUBpVjq8yOANA4ZAAAM7jMXNAs961.jpg
24360,北拉斯维加斯,1,group1/M00/26/87/CmUBpVjq9pqAIIrEAAAMGwxwN5M970.jpg
23881,北榄坡,1,group1/M00/26/7D/CmUBpVjq9UmAc2QeAAAHlMdCvWU637.jpg
21907,北日德兰,1,group1/M00/26/9F/CmUBpVjq-fGAbPagAAAF6Ch6i8s910.jpg
25271,北温哥华,1,group1/M00/26/9C/CmUBpVjq-YyAU-loAAAJG-xLWKg919.jpg
24855,北希洛,1,group1/M00/26/89/CmUBpVjq9t6AQvXRAAAZlN8HjrY802.jpg
24375,本德,1,group1/M00/26/88/CmUBpVjq9rmAAkKEAAALJfmWoAY626.jpg
22621,比什凯克市,1,group1/M00/26/B0/CmUBpVjq_caADQ4EAAAHkGJYSjo828.jpg
22149,彼得伯勒,1,group1/M00/26/92/CmUBpVjq-C-AZ2jIAAAIDGYyAsc927.jpg
22507,兵库,1,group1/M00/26/80/CmUBpVjq9aKAFOlMAAAKWPLqKt0641.jpg
26930,波多黎各,1,group1/M00/26/90/CmUBpVjq9_KAbmkVAAAi4twCQ3E181.jpg
21756,波哥大首都区,1,group1/M00/26/AC/CmUBpVjq_HGAO0A8AAAFi795Uzc547.jpg
23444,波莱,1,group1/M00/26/A5/CmUBpVjq-v6AcHXpAAALNoBwwPk321.jpg
27090,波普托,1,group1/M00/26/7C/CmUBpVjq9TmAfchJAAAH86aTrPE132.jpg
24482,玻利瓦尔,1,group1/M00/26/B0/CmUBpVjq_WuAdSW8AAAi4twCQ3E518.jpg
26258,伯布林根,1,group1/M00/26/8E/CmUBpVjq96mAGFqNAAAi4twCQ3E195.jpg
27957,伯恩,1,group1/M00/26/92/CmUBpVjq-CqAUQGBAAAPXg4nnPo449.jpg
23589,伯力,1,group1/M00/26/9D/CmUBpVjq-a-AAyJCAAAHvd941Lw977.jpg
21586,伯利兹,2,group1/M00/26/AF/CmUBpVjq_V-AAOkZAAAczDbTBzU383.jpg
24714,伯罗奔尼撒,1,group1/M00/26/9B/CmUBpVjq-WCANkO3AAAG4FuxMuk922.jpg
21426,伯尼港,1,group1/M00/26/97/CmUBpVjq-NGAaqsrAAAi4twCQ3E380.jpg
25090,勃艮第葡萄酒产区,1,group1/M00/26/81/CmUBpVjq9dGAGu4eAAAKoZDJIe8938.jpg
23051,勃固省,1,group1/M00/26/A4/CmUBpVjq-tmAbVMGAAATkofQW4I553.jpg
21895,博恩霍尔姆,1,group1/M00/26/9F/CmUBpVjq-fCAFHcSAAAW95SQszk696.jpg
26247,不来梅港,1,group1/M00/26/8E/CmUBpVjq97CAfyJ9AAAi4twCQ3E885.jpg
26248,不莱梅,1,group1/M00/26/8D/CmUBpVjq93uABEmIAAAKl9b1DLo117.jpg
21439,布尔根兰,1,group1/M00/26/95/CmUBpVjq-JuAAAeYAAAJFjSidW0435.jpg
23584,布拉戈维申斯克,1,group1/M00/26/9E/CmUBpVjq-bmAQKA_AAAIPFdiv58185.jpg
22118,布莱顿与赫福,1,group1/M00/26/91/CmUBpVjq-AeAbeV4AAAIpeuKa00935.jpg
28052,布雷肯,1,group1/M00/26/92/CmUBpVjq-DyAIkvlAAAGTiHeQ7A462.jpg
22120,布里斯托尔,1,group1/M00/26/91/CmUBpVjq-AiAFIrfAAAIY_WJ8fM451.jpg
27261,布龙嫩,1,group1/M00/26/93/CmUBpVjq-F-AI2sVAAAN4k4b77I013.jpg
21463,布琼布拉城市,1,group1/M00/26/B2/CmUBpVjq_ueATzQHAAAi4twCQ3E042.jpg
21465,布琼布拉乡村,1,group1/M00/26/B2/CmUBpVjq_ueATzQHAAAi4twCQ3E042.jpg
28231,冲绳县,1,group1/M00/26/7D/CmUBpVjq9VaAQfiHAAANE9UhzSU954.jpg
22665,春川市,1,group1/M00/26/86/CmUBpVjq9miAX52QAAANJrQH8T0910.jpg
22532,茨城,1,group1/M00/26/7E/CmUBpVjq9XWAI_8iAAAM0_CDpek467.jpg
23800,达拉纳,1,group1/M00/26/9F/CmUBpVjq-eeAdmCWAAAJqzwthjw669.jpg
22336,达曼,2,group1/M00/26/A3/CmUBpVjq-qqASmQLAAAi4twCQ3E179.jpg
25352,达特茅斯,1,group1/M00/26/9D/CmUBpVjq-aWAdnFRAAAi4twCQ3E401.jpg
22183,大阿克拉,1,group1/M00/26/B0/CmUBpVjq_XuANwy2AAAH_eaF9bE526.jpg
28235,大阪府,1,group1/M00/26/7D/CmUBpVjq9VOALABwAAAQPTQgqqU156.jpg
22525,大分,1,group1/M00/26/7E/CmUBpVjq9WeAQutKAAAIn1oOoi0606.jpg
23817,大马士革市,1,group1/M00/26/B0/CmUBpVjq_YmAKFwCAAAWlCqAGFo135.jpg
22313,大雅加达首都特区,1,group1/M00/26/99/CmUBpVjq-QuAFo00AAAWQbUx0Qo284.jpg
22512,岛根,1,group1/M00/26/80/CmUBpVjq9aKAPfZiAAAKiP8mZtc711.jpg
22127,德比,1,group1/M00/26/91/CmUBpVjq-CSASa_LAAAKCjthUSU250.jpg
21184,德宏,1,group1/M00/26/7A/CmUBpVjq9KiABUOiAAAIPGMerY4769.jpg
22166,德里,1,group1/M00/26/91/CmUBpVjq-CWAFm85AAAI2WYZG0Q521.jpg
21186,迪庆,1,group1/M00/26/77/CmUBpVjq89mAIjkGAAAGmF2AnRM273.jpg
21444,蒂罗尔,1,group1/M00/26/95/CmUBpVjq-JSAXYToAAAKxHFoUk4260.jpg
23906,董里,1,group1/M00/26/7C/CmUBpVjq9TuAABx2AAAZF5AN0ow662.jpg
28933,恩尼斯凯里,1,group1/M00/26/A6/CmUBpVjq-xqAcktqAAAshb0ZBOg676.jpg
28934,恩尼斯科西,1,group1/M00/26/A6/CmUBpVjq-xqAcktqAAAshb0ZBOg676.jpg
28932,恩尼斯克朗,1,group1/M00/26/A6/CmUBpVjq-xqAcktqAAAshb0ZBOg676.jpg
28576,法尔雪平,1,group1/M00/26/9F/CmUBpVjq-eSAAS5ZAAAi4twCQ3E737.jpg
24613,法兰克福(奥德河畔）,1,group1/M00/26/8C/CmUBpVjq93CAdOnGAAAYHiaCDqE306.jpg
26397,法兰克福/美因河畔,1,group1/M00/26/8C/CmUBpVjq93CAdOnGAAAYHiaCDqE306.jpg
25018,法明顿,2,group1/M00/26/8B/CmUBpVjq9yeAD4H9AAAKxIw4-Z8729.jpg
24050,凡,1,group1/M00/26/9A/CmUBpVjq-UqAJDFKAAAJ6Qby8cQ689.jpg
24619,梵蒂冈城,1,group1/M00/26/98/CmUBpVjq-QWAIjseAAAcNF5GHRk449.jpg
26427,腓特烈港,1,group1/M00/26/8D/CmUBpVjq94SAb0EDAAAG85mUxlw807.jpg
24986,弗雷德里克,2,group1/M00/26/8B/CmUBpVjq91CAfFwLAAAi4twCQ3E452.jpg
23140,芙蓉,1,group1/M00/26/86/CmUBpVjq9oOAIHgvAAAJtZ__ZhU345.jpg
22531,福岛,1,group1/M00/26/7F/CmUBpVjq9YmAbIhDAAAKeZwApvU649.jpg
22521,福冈,2,group1/M00/26/7D/CmUBpVjq9ViAFhGrAAAv6VMMCsM324.jpg
22521,福冈,2,group1/M00/26/7E/CmUBpVjq9WuAbwR9AAALn-0m-qM175.jpg
22496,福井,2,group1/M00/26/7F/CmUBpVjq9ZaAEDcUAAAGU1u2E5A040.jpg
22496,福井,2,group1/M00/26/7E/CmUBpVjq9XaAQHhEAAAGU1u2E5A204.jpg
21447,福拉尔贝格,1,group1/M00/26/95/CmUBpVjq-JuAFjfcAAAYV8OYFrM258.jpg
20882,阜新,1,group1/M00/26/B4/CmUBpVjrGxeAR19aAAAHX-LZ0ZM755.jpg
22494,富山,2,group1/M00/26/7E/CmUBpVjq9WiAX7zcAAAU6C-lf_4557.jpg
22494,富山,2,group1/M00/26/7E/CmUBpVjq9XWAMRmwAAAIDAS3D1o668.jpg
21160,甘孜,2,group1/M00/26/76/CmUBpVjq85-AcTLVAAAK0R7IN4w273.jpg
21160,甘孜,2,group1/M00/26/78/CmUBpVjq9BKAB5tCAAAJ_MZ5XCI347.jpg
22513,冈山,2,group1/M00/26/7E/CmUBpVjq9WCAJXnNAAAKOKU_u2Y687.jpg
22513,冈山,2,group1/M00/26/7F/CmUBpVjq9Y6ARjFZAAAJXr2F5fo361.jpg
22519,高知,2,group1/M00/26/7F/CmUBpVjq9ZSAAcQWAAALxtUA97M393.jpg
22519,高知,2,group1/M00/26/7E/CmUBpVjq9XSAKczDAAALxtUA97M044.jpg
23079,戈壁阿尔泰,1,group1/M00/26/AA/CmUBpVjq-9uAZc9EAAAJEUu46gQ615.jpg
23784,戈里,1,group1/M00/26/A9/CmUBpVjq-5mAPOSrAAAMZYDKOws821.jpg
26381,格拉德巴赫,1,group1/M00/26/8E/CmUBpVjq96aAOhkTAAANXkR0P8Y918.jpg
23248,格拉纳达,1,group1/M00/26/B2/CmUBpVjq_pCAEj4gAAAVgBHTUpQ820.jpg
24812,格兰茨堡,1,group1/M00/26/8B/CmUBpVjq90-AeBQkAAAi4twCQ3E852.jpg
22526,宫崎,2,group1/M00/26/80/CmUBpVjq9aKARva2AAAX2hLxw1E634.jpg
22526,宫崎,2,group1/M00/26/7E/CmUBpVjq9W2ActbVAAAVCQVYLc8473.jpg
22514,广岛,2,group1/M00/26/7E/CmUBpVjq9V2ACWJXAAANzUhFmDo854.jpg
22514,广岛,2,group1/M00/26/7F/CmUBpVjq9Y-AWbAGAAAIOPwk6AU897.jpg
21229,果洛,1,group1/M00/26/79/CmUBpVjq9HyAFSsyAAAMJuZlBWM134.jpg
21819,哈瓦那城,1,group1/M00/26/A8/CmUBpVjq-26AS-KAAAAW_TiU_wU716.jpg
21226,海北,1,group1/M00/26/73/CmUBpVjq8zGAXzu4AAAIU93JszQ061.jpg
23660,海参崴,1,group1/M00/26/9D/CmUBpVjq-auABMomAAAIeWrAA2k207.jpg
21225,海东,1,group1/M00/26/B4/CmUBpVjrGyGAZw1xAAAIRxke7JM604.jpg
24503,海防,1,group1/M00/26/98/CmUBpVjq-PeAD8EoAAAGcOHZJfc617.jpg
21228,海南,1,group1/M00/26/76/CmUBpVjq882AHbGFAAAi4twCQ3E404.jpg
27093,海滩,4,group1/M00/26/7C/CmUBpVjq9T2AJ3TbAAAKMSQYBDY681.jpg
21231,海西,1,group1/M00/26/73/CmUBpVjq8x6ADXokAAAbWUfCeVU308.jpg
26392,汉诺威-明登,1,group1/M00/26/8D/CmUBpVjq93uAF4MfAAAQESxdc0E572.jpg
22510,和歌山,2,group1/M00/26/7E/CmUBpVjq9W6AW_0oAAAS0YMQnMc390.jpg
22133,赫尔河畔京斯敦,1,group1/M00/26/92/CmUBpVjq-C6ARYQ3AAAKSahhV48774.jpg
26983,赫雷斯-德拉弗龙特拉,1,group1/M00/26/90/CmUBpVjq9-GAdGP6AAAJp4hnu_E028.jpg
28183,赫特福德,1,group1/M00/26/93/CmUBpVjq-EmADMRLAAAJro0MJW0730.jpg
20894,黑河,1,group1/M00/26/78/CmUBpVjq9BiAZMvjAAAJ_RgJxt0885.jpg
24455,亨廷顿,1,group1/M00/26/8C/CmUBpVjq91iAZPb2AAAi4twCQ3E379.jpg
21179,红河,1,group1/M00/26/7A/CmUBpVjq9KeAXLvkAAAJ1080I8k296.jpg
26402,洪堡,1,group1/M00/26/8E/CmUBpVjq95-AK6iMAAAi4twCQ3E442.jpg
21358,胡胡伊,1,group1/M00/26/A9/CmUBpVjq-4-AN6f_AAAKxinIZBY645.jpg
21270,花莲县,1,group1/M00/26/7C/CmUBpVjq9SqAGhKIAAAI7sgBBg8166.jpg
24217,华盛顿哥伦比亚特区,2,group1/M00/26/8A/CmUBpVjq9w2AZI5VAAAi4twCQ3E350.jpg
21227,黄南,1,group1/M00/26/7A/CmUBpVjq9KeAJxxlAAAHKIoXDIU969.jpg
20949,黄山,1,group1/M00/26/73/CmUBpVjq8x2ADjVdAAAJj6T6QUA314.jpg
24377,火山口湖,1,group1/M00/26/88/CmUBpVjq9riAdt8cAAAIOSkzRpc881.jpg
23289,霍达兰,1,group1/M00/26/A1/CmUBpVjq-kOAC3nMAAAXt4t4uAc839.jpg
22367,基尔代尔,1,group1/M00/26/A6/CmUBpVjq-xqANhp7AAAMIt0v0Lg029.jpg
23671,基加利市,1,group1/M00/26/B1/CmUBpVjq_gyAeogiAAAImxBGibc171.jpg
20884,吉林,2,group1/M00/26/74/CmUBpVjq81mACNErAAAJ1ouWm-M674.jpg
21974,加拉帕戈斯,1,group1/M00/26/AD/CmUBpVjq_KKAGb-CAAAGQbJblGk803.jpg
21275,嘉义市,1,group1/M00/26/7C/CmUBpVjq9SyAQgsDAAANzyYr6ZQ025.jpg
21263,嘉义县,1,group1/M00/26/7C/CmUBpVjq9SyAQgsDAAANzyYr6ZQ025.jpg
25351,贾斯珀,1,group1/M00/26/9C/CmUBpVjq-Y6AGNaRAAANGMcIQGk923.jpg
22673,江陵市,1,group1/M00/26/86/CmUBpVjq9mqARrULAAAMGrHy41c875.jpg
22289,杰尔-莫松-肖普朗,1,group1/M00/26/9E/CmUBpVjq-dWAG9hIAAAKlGUO8u4278.jpg
22651,金边市,1,group1/M00/26/95/CmUBpVjq-ISAZeW8AAAa_hm8mNc621.jpg
25359,金斯顿,1,group1/M00/26/9C/CmUBpVjq-Y-ANyDCAAAI_T5swlk200.jpg
22714,晋州市,1,group1/M00/26/86/CmUBpVjq9m-AUvhCAAAM1TsZBOE486.jpg
22501,静冈,1,group1/M00/26/7E/CmUBpVjq9VyASWELAAAJp7S1jME863.jpg
26069,旧阿讷西,1,group1/M00/26/81/CmUBpVjq9bOAM0qAAAAb-68gZIM602.jpg
24027,卡尔斯,2,group1/M00/26/9A/CmUBpVjq-UyAB7e8AAAKC1O-oYY435.jpg
25658,卡尔斯,2,group1/M00/26/97/CmUBpVjq-NmAbBXXAAAi4twCQ3E829.jpg
24932,卡梅尔谷,1,group1/M00/26/87/CmUBpVjq9pyAXFY1AAAHYc81A7s230.jpg
22985,卡门,1,group1/M00/26/A4/CmUBpVjq-sKAPTTVAAAIXeeB9nU230.jpg
26562,卡普里,2,group1/M00/26/83/CmUBpVjq9hWABFBmAAAH2gLtRVY195.jpg
23215,卡普里维,1,group1/M00/26/AF/CmUBpVjq_TqAKRVeAAAi4twCQ3E220.jpg
22002,卡斯蒂利亚,2,group1/M00/26/91/CmUBpVjq9_yAcpb-AAAX_J9QAp0886.jpg
22000,卡斯特利翁,2,group1/M00/26/90/CmUBpVjq9-yAN-LJAAAi4twCQ3E727.jpg
27061,卡塔海滩,1,group1/M00/26/7C/CmUBpVjq9TyABn53AAAI1_wZFLg306.jpg
25845,卡塔尼,1,group1/M00/26/9C/CmUBpVjq-YiAVeUfAAAi4twCQ3E245.jpg
21353,科尔多瓦,1,group1/M00/26/A8/CmUBpVjq-4uANA73AAALKyMwOgU681.jpg
25885,科罗曼德镇,1,group1/M00/26/9C/CmUBpVjq-YKARnOTAAAW9ZgnVg4558.jpg
21440,克恩顿,1,group1/M00/26/95/CmUBpVjq-JiAWPcWAAAI7eJXdro838.jpg
27443,克里斯蒂安桑德,1,group1/M00/26/A1/CmUBpVjq-jKAGr3JAAAi4twCQ3E293.jpg
23068,库苏古尔,1,group1/M00/26/AA/CmUBpVjq-9uAQVQDAAAIud_YgXU201.jpg
21663,魁北克,2,group1/M00/26/9C/CmUBpVjq-Y6AdzLVAAAR-LcYXX0335.jpg
26903,拉克鲁斯,1,group1/M00/26/90/CmUBpVjq9-6AbKk0AAAi4twCQ3E466.jpg
21357,拉里奥哈,2,group1/M00/26/A8/CmUBpVjq-42ASEnnAAAIn5YHEhg513.jpg
21992,拉里奥哈,2,group1/M00/26/90/CmUBpVjq9-2AaPbIAAAMTSXtwC8923.jpg
26651,拉纳,1,group1/M00/26/85/CmUBpVjq9kmAZcuBAAAi4twCQ3E066.jpg
22016,拉斯帕尔马斯,1,group1/M00/26/90/CmUBpVjq9-iAOMzMAAAi4twCQ3E054.jpg
22013,莱昂,3,group1/M00/26/90/CmUBpVjq9-aAC51aAAAIgb0DUOg121.jpg
23250,莱昂,3,group1/M00/26/B2/CmUBpVjq_qGAeETqAAAi4twCQ3E644.jpg
21210,兰州市,1,group1/M00/26/72/CmUBpVjq8xWAZogWAAAEQRM7MII308.jpg
25348,蓝山,1,group1/M00/26/9D/CmUBpVjq-Z2AO0UXAAAi4twCQ3E733.jpg
23868,黎逸,1,group1/M00/26/7D/CmUBpVjq9U2AaaWxAAAJQDZPYy0326.jpg
28189,里士满,1,group1/M00/26/93/CmUBpVjq-E2AHU-zAAAi4twCQ3E135.jpg
24919,利文斯顿,1,group1/M00/26/8B/CmUBpVjq9yuAHfWtAAAi4twCQ3E167.jpg
28524,利雪平,1,group1/M00/26/9F/CmUBpVjq-eSAAS5ZAAAi4twCQ3E737.jpg
21161,凉山,1,group1/M00/26/B4/CmUBpVjrGzGAdXpGAAAHLxGiqio022.jpg
24657,龙达,1,group1/M00/26/90/CmUBpVjq99mABnoGAAAJauMJncw941.jpg
28621,隆德,1,group1/M00/26/9F/CmUBpVjq-d6AKcvvAAAPEH4Hpw8860.jpg
25661,卢拉,1,group1/M00/26/97/CmUBpVjq-MiAP6ysAAAbpQfFc5g339.jpg
22918,卢森堡,2,group1/M00/26/A2/CmUBpVjq-kqAWlXfAAAKEfdJL1Y797.jpg
25081,鲁西永,1,group1/M00/26/82/CmUBpVjq9eyAZIHVAAAMlqBzKMk785.jpg
22527,鹿儿岛,4,group1/M00/26/7D/CmUBpVjq9VuAToOSAAAUuXgRjP0507.jpg
22527,鹿儿岛,4,group1/M00/26/7F/CmUBpVjq9X-AQwyOAAAWaUie-Rs500.jpg
21664,伦敦,1,group1/M00/26/9D/CmUBpVjq-ZSACsddAAAi4twCQ3E590.jpg
24736,罗德岛州,1,group1/M00/26/8B/CmUBpVjq9yiAWNNQAAAi4twCQ3E581.jpg
23288,罗加兰,1,group1/M00/26/A1/CmUBpVjq-kSAJxETAAAIA_DaWB4019.jpg
23483,罗先,1,group1/M00/26/A8/CmUBpVjq-3WAZZ4OAAAi4twCQ3E348.jpg
23902,罗勇,1,group1/M00/26/7D/CmUBpVjq9UCAWGajAAAK2kAAUgk777.jpg
28117,洛尔斯劳特,1,group1/M00/26/92/CmUBpVjq-DyAfXUWAAAi4twCQ3E627.jpg
27370,马蒂尼威尔,1,group1/M00/26/94/CmUBpVjq-GqAViVnAAAHW1heous918.jpg
28629,马尔默斯特厄普,1,group1/M00/26/9F/CmUBpVjq-d2ADi7vAAAQEX98RWY857.jpg
23057,马圭省,1,group1/M00/26/A4/CmUBpVjq-t-ACZeBAAAi4twCQ3E632.jpg
22970,马累岛,1,group1/M00/26/A0/CmUBpVjq-gaABiSTAAAJLa9faWE569.jpg
23134,马六甲市,1,group1/M00/26/86/CmUBpVjq9naAWyg3AAALtb1BucA986.jpg
22428,马萨,1,group1/M00/26/85/CmUBpVjq9kqAVmtIAAAi4twCQ3E465.jpg
23345,马斯喀特省,1,group1/M00/26/AE/CmUBpVjq_P-ARRiqAAAMPQecpPQ061.jpg
23056,曼德勒省,1,group1/M00/26/A4/CmUBpVjq-teAaFyeAAAK5EYwKKM573.jpg
23010,梅里达,3,group1/M00/26/A4/CmUBpVjq-sGAXgxAAAAPFHfiNMY797.jpg
24488,梅里达,3,group1/M00/26/B0/CmUBpVjq_WuAC4_LAAAHrj7HL9M086.jpg
26923,梅里达,3,group1/M00/26/90/CmUBpVjq9-GAR4OsAAAWEIA_s4A150.jpg
22596,梅鲁,1,group1/M00/26/A6/CmUBpVjq-yWAEUIyAAAPgRgW4Yc340.jpg
27097,湄南海滩,1,group1/M00/26/7C/CmUBpVjq9TuAA1vyAAATvbqJFf8316.jpg
24622,美瑛町,1,group1/M00/26/7D/CmUBpVjq9ViAL-0QAAAakxHVyOk947.jpg
24184,蒙哥马利,1,group1/M00/26/8B/CmUBpVjq9yqAajr0AAAi4twCQ3E799.jpg
27341,蒙塔纳,1,group1/M00/26/94/CmUBpVjq-G6AetHOAAAi4twCQ3E047.jpg
23012,蒙特雷,3,group1/M00/26/A4/CmUBpVjq-sSALaWzAAALIXx1IAk201.jpg
25051,蒙特雷,3,group1/M00/26/87/CmUBpVjq9pqAQWCVAAAIWtkSjgs685.jpg
25030,米德兰,1,group1/M00/26/8B/CmUBpVjq90-ATfWBAAAi4twCQ3E465.jpg
26701,米兰马瑞提那,1,group1/M00/26/83/CmUBpVjq9hKAOqEFAAAMuBJxNi0708.jpg
26702,米威诺底莱切,1,group1/M00/26/84/CmUBpVjq9jOAZr07AAAcOU6fxEM241.jpg
21258,苗栗县,1,group1/M00/26/7C/CmUBpVjq9TCAOwXwAAAV5oULY18309.jpg
21584,明斯克市,1,group1/M00/26/AE/CmUBpVjq_RKAKk75AAAGykKSKck926.jpg
26656,摩德纳迪-坎皮格里奥,1,group1/M00/26/84/CmUBpVjq9hmAHUGFAAAVgNnGi0s912.jpg
22782,木浦市,1,group1/M00/26/86/CmUBpVjq9nGAc-U-AAALOpuBZsY070.jpg
23853,那空那育,1,group1/M00/26/7D/CmUBpVjq9UqABnAlAAAi4twCQ3E370.jpg
28236,奈良县,1,group1/M00/26/7D/CmUBpVjq9VOAak6gAAAYta4RW5I908.jpg
27057,南芭堤雅,1,group1/M00/26/7C/CmUBpVjq9TWAEOy3AAAGq-3DJQ8007.jpg
24927,南太浩湖,1,group1/M00/26/88/CmUBpVjq9qeADeA8AAAK-WT-9F0746.jpg
21261,南投县,1,group1/M00/26/7C/CmUBpVjq9SuAJqOsAAAMqTw6E2M485.jpg
28526,南雪平,1,group1/M00/26/9F/CmUBpVjq-eSAAS5ZAAAi4twCQ3E737.jpg
21684,内阿彭策尔,2,group1/M00/26/94/CmUBpVjq-HiAT82zAAAi4twCQ3E482.jpg
24966,尼亚加拉瀑布,2,group1/M00/26/87/CmUBpVjq9p-AHB32AAAIUa-h-tk588.jpg
25296,尼亚加拉瀑布,2,group1/M00/26/9C/CmUBpVjq-Y2AdsIOAAAH9TwxB-s337.jpg
23232,尼亚美市,1,group1/M00/26/B2/CmUBpVjq_vmALw6pAAAHeB4gHWI268.jpg
22511,鸟取,1,group1/M00/26/7E/CmUBpVjq9WWAJnaDAAAR0dSwC14471.jpg
22177,纽波特,2,group1/M00/26/93/CmUBpVjq-E-AMGZcAAAi4twCQ3E329.jpg
25036,纽波特海滩,1,group1/M00/26/88/CmUBpVjq9sKAF-96AAAMlR_W2Gs726.jpg
21414,纽卡斯尔,1,group1/M00/26/97/CmUBpVjq-MiAUCHBAAAL9Dkr74M167.jpg
23095,努瓦克肖特特区,1,group1/M00/26/B2/CmUBpVjq_sSAcV9gAAAGPTvS4y4742.jpg
21185,怒江,1,group1/M00/26/79/CmUBpVjq9IaAd0TZAAAO_pjqLgQ594.jpg
23294,诺尔兰,1,group1/M00/26/A2/CmUBpVjq-keASn0XAAAGs7buVEk778.jpg
28607,诺尔雪平,1,group1/M00/26/9F/CmUBpVjq-eSAAS5ZAAAi4twCQ3E737.jpg
25012,欧文,1,group1/M00/26/8A/CmUBpVjq9weAAGfqAAAi4twCQ3E522.jpg
24976,帕克,4,group1/M00/26/88/CmUBpVjq9r-AEpdmAAAi4twCQ3E733.jpg
24713,帕穆克卡莱（棉花堡）,1,group1/M00/26/9A/CmUBpVjq-UGAC8b9AAALcpjiMuw479.jpg
26936,潘普洛纳,1,group1/M00/26/90/CmUBpVjq9-SAY9p9AAALrJ4BSI4366.jpg
22295,佩斯,1,group1/M00/26/9E/CmUBpVjq-dSAUJ4FAAAGLhPK9So041.jpg
26524,佩斯基耶拉,1,group1/M00/26/85/CmUBpVjq9lmAX0iNAAAi4twCQ3E835.jpg
21268,澎湖县,1,group1/M00/26/7C/CmUBpVjq9TCAQJbQAAAHvKr5TKs127.jpg
21267,屏东县,1,group1/M00/26/7C/CmUBpVjq9S-AR1TtAAAHxxTYkbk996.jpg
28133,珀斯,1,group1/M00/26/91/CmUBpVjq-CiAPypsAAAISZ6cJkY623.jpg
23900,普吉,1,group1/M00/26/7C/CmUBpVjq9TWAXSDKAAAJJD3moh0585.jpg
26071,普罗旺斯艾克斯,2,group1/M00/26/81/CmUBpVjq9beAP5PjAAAYt4Vt2oM108.jpg
22500,岐阜,2,group1/M00/26/7E/CmUBpVjq9WuASfb2AAAO4Kl3CAo383.jpg
22489,斡,2,group1/M00/26/7F/CmUBpVjq9XuAFsDsAAAZXRWstyQ667.jpg
24059,乞力马扎罗,1,group1/M00/26/A9/CmUBpVjq-6OAAWlaAAAJa-ySoSs420.jpg
22490,千叶,2,group1/M00/26/7E/CmUBpVjq9XCABpYSAAAMNlhoLSg028.jpg
21173,黔东南,1,group1/M00/26/74/CmUBpVjq81eAJIAXAAAP8fmluXA704.jpg
21174,黔南,1,group1/M00/26/7A/CmUBpVjq9LaACb77AAANGPS2NcE358.jpg
21171,黔西南,1,group1/M00/26/76/CmUBpVjq86-AIdd4AAAZJRHux0k264.jpg
24544,乔治,1,group1/M00/26/A5/CmUBpVjq-xGAGXG2AAAi4twCQ3E975.jpg
26535,切萨纳・都灵尼斯,1,group1/M00/26/83/CmUBpVjq9haAM7VSAAAbG9FYDZ0043.jpg
26532,切塞纳蒂科,1,group1/M00/26/85/CmUBpVjq9leAZWYBAAAi4twCQ3E694.jpg
22498,青森,2,group1/M00/26/7E/CmUBpVjq9WiAbnrGAAAVF-RLzH4495.jpg
22688,庆州市,1,group1/M00/26/86/CmUBpVjq9mmAK8yzAAANGlQkHG4236.jpg
22529,秋田,2,group1/M00/26/7F/CmUBpVjq9XiAbscsAAALkAXLSkI486.jpg
22760,全州市,1,group1/M00/26/86/CmUBpVjq9mqAB2MXAAAMgFlPDVU068.jpg
22488,群马,1,group1/M00/26/7E/CmUBpVjq9WqAGctHAAAY39bBJp8698.jpg
28637,仁川市,1,group1/M00/26/86/CmUBpVjq9mmAbxe0AAAF5z-v3RM231.jpg
22329,日惹特区,1,group1/M00/26/99/CmUBpVjq-QqACG42AAAWyWxiCqA445.jpg
21693,汝拉,1,group1/M00/26/94/CmUBpVjq-G6AX_VXAAANFn3jhR0089.jpg
24709,萨夫兰博卢（番红花城）,1,group1/M00/26/9A/CmUBpVjq-UOAGTC-AAANd9oy318946.jpg
22274,萨格勒布市,1,group1/M00/26/A7/CmUBpVjq-1iAbq6AAAAIep324Mc744.jpg
23317,萨加玛塔,1,group1/M00/26/9E/CmUBpVjq-cyAeFC4AAAPJDm-k04006.jpg
22048,萨雷,1,group1/M00/26/A7/CmUBpVjq-0GAOGrYAAAIdAHz3Z4265.jpg
26727,萨罗,1,group1/M00/26/85/CmUBpVjq9kCADPyUAAAKqWE6LVs173.jpg
23637,萨马拉,1,group1/M00/26/9E/CmUBpVjq-buAZOz0AAAKlUWNOxw619.jpg
26607,塞斯托,1,group1/M00/26/85/CmUBpVjq9leAfmjxAAAi4twCQ3E644.jpg
22676,三陟市,1,group1/M00/26/86/CmUBpVjq9myAMRPdAAAHhCHkM_I307.jpg
22503,三重,1,group1/M00/26/7E/CmUBpVjq9XOAQsBZAAAKy3iK8YQ761.jpg
24077,桑给巴尔北,1,group1/M00/26/A9/CmUBpVjq-6SAaWNDAAAIQMWA-H4248.jpg
24078,桑给巴尔南,1,group1/M00/26/A9/CmUBpVjq-6SAaWNDAAAIQMWA-H4248.jpg
24062,桑给巴尔市和西,1,group1/M00/26/A9/CmUBpVjq-6SAaWNDAAAIQMWA-H4248.jpg
26410,瑟林根,1,group1/M00/26/8E/CmUBpVjq96mAGFqNAAAi4twCQ3E195.jpg
22515,山口,2,group1/M00/26/80/CmUBpVjq9aKAOM-yAAAJUHMkduE127.jpg
22497,山梨,1,group1/M00/26/7E/CmUBpVjq9XGAQD8YAAAOKFgRORE172.jpg
22530,山形,1,group1/M00/26/7F/CmUBpVjq9YWAB46TAAAMW6m19ZY639.jpg
21445,上奥地利,1,group1/M00/26/95/CmUBpVjq-JiAYk0gAAAwbW4bOVU919.jpg
26043,尚博尔姆斯尼,1,group1/M00/26/82/CmUBpVjq9eiALqmwAAAi4twCQ3E365.jpg
22492,神奈川,1,group1/M00/26/7E/CmUBpVjq9XSADhvtAAAM4dqgB8g057.jpg
24413,圣安东尼奥,1,group1/M00/26/88/CmUBpVjq9rKAdPclAAASvaahF1c734.jpg
21296,圣安多尼堂区,1,group1/M00/26/75/CmUBpVjq85aABEhmAAALX-GHvN4314.jpg
23756,圣安娜,1,group1/M00/26/B1/CmUBpVjq_h2AEbrwAAAi4twCQ3E365.jpg
24316,圣保罗,2,group1/M00/26/8B/CmUBpVjq90yACYPIAAAi4twCQ3E109.jpg
26006,圣保罗,2,group1/M00/26/81/CmUBpVjq9bqARrlgAAAHNqHN96c420.jpg
21816,圣地亚哥,1,group1/M00/26/A8/CmUBpVjq-2-AXBMBAAAK0djAuB8928.jpg
21374,圣菲,2,group1/M00/26/A8/CmUBpVjq-42ANTSpAAAi4twCQ3E782.jpg
24355,圣菲,2,group1/M00/26/88/CmUBpVjq9sOAb7fgAAAZWFoN0WQ488.jpg
21627,圣卡塔琳娜,1,group1/M00/26/A6/CmUBpVjq-y2ATo-jAAAHENWIjas408.jpg
26582,圣奎里科,2,group1/M00/26/84/CmUBpVjq9iaACgVTAAAIY5J6TjM020.jpg
23724,圣路易,1,group1/M00/26/B1/CmUBpVjq_jSAOd6QAAAIHl4FPB8654.jpg
24321,圣路易斯,2,group1/M00/26/87/CmUBpVjq9qKALz-rAAANu23N9XI256.jpg
24946,圣罗莎,1,group1/M00/26/89/CmUBpVjq9ueAHM5pAAAJbubJvus226.jpg
24430,圣乔治,1,group1/M00/26/88/CmUBpVjq9rmAVhBuAAAi4twCQ3E693.jpg
24880,圣西蒙斯岛,1,group1/M00/26/87/CmUBpVjq9p2ALL7HAAALTFfQl0Y012.jpg
25279,圣约翰,2,group1/M00/26/9D/CmUBpVjq-ZeAFv7RAAAIucVl3mU535.jpg
21442,施蒂利亚,1,group1/M00/26/95/CmUBpVjq-JeAPGxnAAAKnx_1D38903.jpg
21702,施维茨,1,group1/M00/26/94/CmUBpVjq-HGAA8xuAAAi4twCQ3E569.jpg
22495,石川,1,group1/M00/26/7F/CmUBpVjq9ZiAc_RvAAALePg_1Xc920.jpg
22675,束草市,1,group1/M00/26/86/CmUBpVjq9mmAL7QEAAAIeBM8jWM425.jpg
22269,斯普利特-达尔马提亚,1,group1/M00/26/A7/CmUBpVjq-1mABIt6AAANdoSrUeA154.jpg
24887,斯特灵,1,group1/M00/26/8C/CmUBpVjq91OARsFMAAAi4twCQ3E976.jpg
22178,斯旺西,2,group1/M00/26/91/CmUBpVjq-A2AHgOTAAAHsU2Tj0Q755.jpg
25689,斯旺西,2,group1/M00/26/96/CmUBpVjq-MSACyP8AAAKFw7qlYI375.jpg
23901,素叻,1,group1/M00/26/7C/CmUBpVjq9TuAPoSeAAAL_SZEBPc198.jpg
23856,素林,1,group1/M00/26/7D/CmUBpVjq9UuAbE1zAAAK3WLo_PQ818.jpg
29182,梭罗,1,group1/M00/26/99/CmUBpVjq-RGALqlVAAALxC5bjsE211.jpg
21701,索洛图恩,2,group1/M00/26/94/CmUBpVjq-HqAV76sAAAi4twCQ3E172.jpg
24441,塔科马,1,group1/M00/26/8C/CmUBpVjq91OAWWp2AAAi4twCQ3E627.jpg
22954,塔那那利佛,1,group1/M00/26/AF/CmUBpVjq_VKAb0tlAAAKpf_lwSM619.jpg
24476,塔什干市,1,group1/M00/26/AF/CmUBpVjq_USAErObAAAMGV7Lg6w684.jpg
21255,台北市,1,group1/M00/26/7C/CmUBpVjq9SmAY1FsAAAYTJHZGjU192.jpg
21276,台北县,1,group1/M00/26/7C/CmUBpVjq9SmAY1FsAAAYTJHZGjU192.jpg
21269,台东县,1,group1/M00/26/7C/CmUBpVjq9SyALHUEAAAKlm3h3AU001.jpg
21273,台南市,1,group1/M00/26/7C/CmUBpVjq9SuAMDDxAAALjs2Fbmw763.jpg
21264,台南县,1,group1/M00/26/7C/CmUBpVjq9SuAMDDxAAALjs2Fbmw763.jpg
23164,太平,1,group1/M00/26/87/CmUBpVjq9oqAH5xVAAAi4twCQ3E062.jpg
28115,泰恩河畔纽卡斯尔,1,group1/M00/26/91/CmUBpVjq-AuAHzMEAAAKeBjsCPM562.jpg
23949,汤加塔布,1,group1/M00/26/B2/CmUBpVjq_oSAa8EaAAAi4twCQ3E346.jpg
21256,桃园县,1,group1/M00/26/7C/CmUBpVjq9S2ASlaLAAANTyI2-Ds195.jpg
23295,特罗姆斯,1,group1/M00/26/A1/CmUBpVjq-kKAciCjAAAJGu-Ec0M728.jpg
23973,突尼斯,1,group1/M00/26/AC/CmUBpVjq_HiABUNtAAALAc2h66Q703.jpg
21703,图尔高,1,group1/M00/26/94/CmUBpVjq-H6AcHrMAAAKVct_b9I970.jpg
22613,图尔卡纳,1,group1/M00/26/A6/CmUBpVjq-ySAdQcKAAAIXswDRoU509.jpg
21722,瓦尔帕莱索大区,1,group1/M00/26/A9/CmUBpVjq-7OAP3vnAAAJaF2lcsM331.jpg
21707,瓦莱,1,group1/M00/26/94/CmUBpVjq-HWAOvQkAAAZskDL5xM922.jpg
21685,外阿彭策尔,2,group1/M00/26/94/CmUBpVjq-H6AXCtAAAAi4twCQ3E283.jpg
23340,旺格努伊,1,group1/M00/26/9C/CmUBpVjq-YSAA8vcAAAi4twCQ3E945.jpg
26070,旺斯,6,group1/M00/26/81/CmUBpVjq9bqARrlgAAAHNqHN96c420.jpg
22213,危地马拉,1,group1/M00/26/AF/CmUBpVjq_T6AQP16AAAZsooRrEo922.jpg
28031,威尔士班戈,1,group1/M00/26/92/CmUBpVjq-C6AMa5wAAAZ9QRXkw8502.jpg
22384,威克洛,1,group1/M00/26/A6/CmUBpVjq-xiAHqYRAAAH7Al2CXo518.jpg
24277,威奇托,1,group1/M00/26/8A/CmUBpVjq9weASK22AAAi4twCQ3E921.jpg
23810,韦姆兰,1,group1/M00/26/9F/CmUBpVjq-eaAExTKAAAi4twCQ3E680.jpg
25898,韦斯特波特,1,group1/M00/26/9C/CmUBpVjq-YCAMCbsAAAG-d-JI2M543.jpg
21678,维多利亚,1,group1/M00/26/9C/CmUBpVjq-Y6AFLd_AAAG6jz3gLQ981.jpg
26420,维林根,1,group1/M00/26/8E/CmUBpVjq96mAGFqNAAAi4twCQ3E195.jpg
28647,蔚山市,1,group1/M00/26/86/CmUBpVjq9m-AGFg5AAAIbLOd2Pc987.jpg
24697,温德米尔,1,group1/M00/26/91/CmUBpVjq-AKADISxAAAK0OYVLDQ542.jpg
21679,温莎,1,group1/M00/26/9C/CmUBpVjq-ZOAcvbJAAAJ_TqsiFc153.jpg
21180,文山,1,group1/M00/26/77/CmUBpVjq8_qAecx7AAALlWGracc943.jpg
21706,沃,3,group1/M00/26/94/CmUBpVjq-HSAfbMJAAAX0NvGaPU220.jpg
24398,沃威克,1,group1/M00/26/8B/CmUBpVjq9yiAWNNQAAAi4twCQ3E581.jpg
29149,乌布,1,group1/M00/26/98/CmUBpVjq-QiAfIjOAAAHnByiYzQ238.jpg
23064,乌兰巴托市,1,group1/M00/26/AA/CmUBpVjq-9qAVUzwAAAJgt0sqnM007.jpg
26249,乌姆河畔的罗滕堡,1,group1/M00/26/8C/CmUBpVjq93OAQWW0AAAWAse2aLg281.jpg
21088,五指山,1,group1/M00/26/76/CmUBpVjq88uAeztLAAALjvlXgF4544.jpg
23208,勿述,1,group1/M00/26/87/CmUBpVjq9oqAFnuHAAAi4twCQ3E504.jpg
28648,西归浦市,1,group1/M00/26/86/CmUBpVjq9miAFCS7AAAKri230R8769.jpg
23812,西曼兰,1,group1/M00/26/9F/CmUBpVjq-eCAa6nHAAAi4twCQ3E374.jpg
22267,希贝尼克-克宁,1,group1/M00/26/A7/CmUBpVjq-1uAZp2DAAAYWKUZwtE700.jpg
24453,希博伊根,1,group1/M00/26/8B/CmUBpVjq9yiAJpCMAAAi4twCQ3E893.jpg
20860,锡林郭勒,1,group1/M00/26/75/CmUBpVjq85uAEqqyAAAi4twCQ3E754.jpg
21441,下奥地利,1,group1/M00/26/95/CmUBpVjq-JWAQNFSAAAtDRu2plo480.jpg
22517,香川,1,group1/M00/26/7F/CmUBpVjq9YOAK0EuAAAKB1EsJkI760.jpg
27119,象岛,1,group1/M00/26/7C/CmUBpVjq9TmAe2yEAAAGxwn7_ow551.jpg
27671,新阿姆斯特丹,1,group1/M00/26/95/CmUBpVjq-KCANxigAAAfkS8BoEo330.jpg
24616,新加坡市,1,group1/M00/26/8F/CmUBpVjq99WAYQagAAANRW0Lyc4493.jpg
22493,新,2,group1/M00/26/80/CmUBpVjq9aKAPxZWAAAL9qqcNTk715.jpg
21274,新竹市,1,group1/M00/26/7C/CmUBpVjq9S6ANkv3AAAJoPjMXJQ018.jpg
21257,新竹县,1,group1/M00/26/7C/CmUBpVjq9S6ANkv3AAAJoPjMXJQ018.jpg
20859,兴安,2,group1/M00/26/7A/CmUBpVjq9KiAKNaAAAAH15gTcFE352.jpg
22524,熊本,2,group1/M00/26/7E/CmUBpVjq9XaAAjbFAAALlhQJqM0040.jpg
26812,休达德亚,1,group1/M00/26/90/CmUBpVjq9-eAMxGtAAAIFVv53rc102.jpg
22738,牙山市,1,group1/M00/26/86/CmUBpVjq9nCAFCo4AAALHtEml-E484.jpg
21977,亚历山大,1,group1/M00/26/A3/CmUBpVjq-rmAFdEmAAAMnFIDEdU437.jpg
22302,亚齐,1,group1/M00/26/99/CmUBpVjq-Q-ATjA_AAAIE_PcN-0026.jpg
22509,岩手,1,group1/M00/26/7F/CmUBpVjq9XyASWbZAAAKHCG5RFs107.jpg
21409,阳光海岸,1,group1/M00/26/97/CmUBpVjq-MmATeV3AAALV6XLZIs692.jpg
23063,仰光省,1,group1/M00/26/A4/CmUBpVjq-taAWP76AAAWNyMbWRE076.jpg
23804,耶夫勒堡,2,group1/M00/26/9F/CmUBpVjq-eeAK1xbAAAYCJ9DbXs298.jpg
22130,伊利,1,group1/M00/26/92/CmUBpVjq-DaAEPLXAAAL23EaEpU104.jpg
25091,依云小镇,1,group1/M00/26/81/CmUBpVjq9biAPXIOAAAY--O1F20547.jpg
21277,宜兰县,1,group1/M00/26/7C/CmUBpVjq9S2APaczAAAXJzeevyk477.jpg
21049,张家界,2,group1/M00/26/73/CmUBpVjq8yOAQJoVAAAi4twCQ3E378.jpg
21260,彰化县,1,group1/M00/26/7C/CmUBpVjq9S-AMSs0AAAN9psA49o563.jpg
22499,长野,2,group1/M00/26/7E/CmUBpVjq9WaAAcuiAAAIHZRuhUM179.jpg
22727,忠州市,1,group1/M00/26/86/CmUBpVjq9nKAV7tdAAAF415GBFQ741.jpg
22504,滋贺,1,group1/M00/26/7E/CmUBpVjq9WiAQmobAAAL6kDXl34097.jpg
22522,佐贺,2,group1/M00/26/7F/CmUBpVjq9YGAdA5RAAAMkr5hl90408.jpg
